{
  "timeStamp": 1735631503,
  "devData": [
    {
      "devType": "4",
      "devName": "BATTERY001",
      "devId": "BATTERY001",
      "sn": "BATTERY001",
      "cur": 2,
      "total": 2,
      "data": {
        "BATTERY001_101": 94.46195716,
        "BATTERY001_102": 39.0753177,
        "BATTERY001_103": 62.21536472,
        "BATTERY001_104": 86.74915789,
        "BATTERY001_105": 12.91112432,
        "BATTERY001_106": 66.77528192,
        "BATTERY001_107": 21.62680827,
        "BATTERY001_108": 74.05031756,
        "BATTERY001_109": 69.87372919,
        "BATTERY001_110": 57.07813715,
        "BATTERY001_111": 99.38028706,
        "BATTERY001_112": 29.39563494,
        "BATTERY001_113": 32.8988619,
        "BATTERY001_114": 36.65509766,
        "BATTERY001_115": 65.64423638,
        "BATTERY001_116": 82.21254343,
        "BATTERY001_117": 32.78394462,
        "BATTERY001_118": 9.266247102,
        "BATTERY001_119": 71.5165165,
        "BATTERY001_120": 34.06364922,
        "BATTERY001_121": 89.83009046,
        "BATTERY001_122": 37.08089855,
        "BATTERY001_123": 51.75205204,
        "BATTERY001_124": 69.26199114,
        "BATTERY001_125": 0.13757454,
        "BATTERY001_126": 99.09287651,
        "BATTERY001_127": 20.87250832,
        "BATTERY001_128": 84.38947983,
        "BATTERY001_129": 85.78051348,
        "BATTERY001_130": 11.43816869,
        "BATTERY001_131": 20.84655832,
        "BATTERY001_132": 65.82008686,
        "BATTERY001_133": 14.97846025,
        "BATTERY001_134": 58.14448159,
        "BATTERY001_135": 73.15629126,
        "BATTERY001_136": 61.22641006,
        "BATTERY001_137": 34.30717835,
        "BATTERY001_138": 92.69584767,
        "BATTERY001_139": 99.41200194,
        "BATTERY001_140": 68.66080189,
        "BATTERY001_141": 97.43519379,
        "BATTERY001_142": 19.35384815,
        "BATTERY001_143": 33.38071391,
        "BATTERY001_144": 14.37684422,
        "BATTERY001_145": 51.28022778,
        "BATTERY001_146": 91.92760263,
        "BATTERY001_147": 94.26773934,
        "BATTERY001_148": 19.16504973,
        "BATTERY001_149": 58.3559645,
        "BATTERY001_150": 65.52343148,
        "BATTERY001_151": 9.993507296,
        "BATTERY001_152": 89.86107278,
        "BATTERY001_153": 42.05708584,
        "BATTERY001_154": 21.12624501,
        "BATTERY001_155": 86.18603548,
        "BATTERY001_156": 13.94202377,
        "BATTERY001_157": 18.98198466,
        "BATTERY001_158": 45.40385755,
        "BATTERY001_159": 54.33720424,
        "BATTERY001_160": 26.02412543,
        "BATTERY001_1001": 72.98247895
      }
    },
    {
      "devType": "4",
      "devName": "BATTERY003",
      "devId": "BATTERY003",
      "sn": "BATTERY003",
      "cur": 2,
      "total": 2,
      "data": {
        "BATTERY003_110": 57.07813715,
        "BATTERY003_111": 99.38028706,
        "BATTERY003_112": 29.39563494,
        "BATTERY003_113": 32.8988619,
        "BATTERY003_114": 36.65509766,
        "BATTERY003_115": 65.64423638,
        "BATTERY003_116": 82.21254343,
        "BATTERY003_117": 32.78394462,
        "BATTERY003_118": 9.266247102,
        "BATTERY003_119": 71.5165165,
        "BATTERY003_120": 34.06364922,
        "BATTERY003_121": 89.83009046,
        "BATTERY003_122": 37.08089855,
        "BATTERY003_123": 51.75205204,
        "BATTERY003_124": 69.26199114,
        "BATTERY003_125": 0.13757454,
        "BATTERY003_126": 99.09287651,
        "BATTERY003_127": 20.87250832,
        "BATTERY003_128": 84.38947983,
        "BATTERY003_129": 85.78051348,
        "BATTERY003_130": 11.43816869,
        "BATTERY003_131": 20.84655832,
        "BATTERY003_132": 65.82008686,
        "BATTERY003_133": 14.97846025,
        "BATTERY003_134": 58.14448159,
        "BATTERY003_135": 73.15629126,
        "BATTERY003_136": 61.22641006,
        "BATTERY003_137": 34.30717835,
        "BATTERY003_138": 92.69584767,
        "BATTERY003_139": 99.41200194,
        "BATTERY003_140": 68.66080189,
        "BATTERY003_141": 97.43519379,
        "BATTERY003_142": 19.35384815,
        "BATTERY003_143": 33.38071391,
        "BATTERY003_144": 14.37684422,
        "BATTERY003_145": 51.28022778,
        "BATTERY003_146": 91.92760263,
        "BATTERY003_147": 94.26773934,
        "BATTERY003_148": 19.16504973,
        "BATTERY003_149": 58.3559645,
        "BATTERY003_150": 65.52343148,
        "BATTERY003_151": 9.993507296,
        "BATTERY003_152": 89.86107278,
        "BATTERY003_153": 42.05708584,
        "BATTERY003_154": 21.12624501,
        "BATTERY003_155": 86.18603548,
        "BATTERY003_156": 13.94202377,
        "BATTERY003_157": 18.98198466,
        "BATTERY003_158": 45.40385755,
        "BATTERY003_159": 54.33720424,
        "BATTERY003_160": 26.02412543,
        "BATTERY003_1001": 72.98247895
      }
    },
    {
      "devType": "4",
      "devName": "BATTERY004",
      "devId": "BATTERY004",
      "sn": "BATTERY004",
      "cur": 2,
      "total": 2,
      "data": {
        "BATTERY004_1001": 72.98247895
      }
    }

  ]
}