{
  "timeStamp": 1735631503,
  "devData": [
    {
      "devType": "4",
      "devName": "BATTERY001",
      "devId": "BATTERY003",
      "sn": "BATTERY001",
      "data": {
        "BATTERY001_0": 1,
        "BATTERY001_1": 1,
        "BATTERY001_2": 10,
        "BATTERY001_3": 21.86230597,
        "BATTERY001_4": 18.98818915,
        "BATTERY001_5": 60.44997428,
        "BATTERY001_6": 4.560558492,
        "BATTERY001_7": 9.980380311,
        "BATTERY001_8": 46.28152227,
        "BATTERY001_9": 75.03665894,
        "BATTERY001_10": 69.91928374,
        "BATTERY001_11": 9.323339325,
        "BATTERY001_12": 31.0793394,
        "BATTERY001_13": 84.9992508,
        "BATTERY001_14": 32.64992333,
        "BATTERY001_15": 96.28740073,
        "BATTERY001_16": 31.07763556,
        "BATTERY001_17": 4.232206809,
        "BATTERY001_18": 60.96503895,
        "BATTERY001_19": 29.66899807,
        "BATTERY001_20": 13.40506566,
        "BATTERY001_21": 46.51385072,
        "BATTERY001_22": 30.60199935,
        "BATTERY001_23": 54.50150556,
        "BATTERY001_24": 33.415069,
        "BATTERY001_25": 80.0670783,
        "BATTERY001_26": 61.19323599,
        "BATTERY001_27": 15.14229576,
        "BATTERY001_28": 49.09581845,
        "BATTERY001_29": 17.12591616,
        "BATTERY001_30": 13.51885018,
        "BATTERY001_31": 95.95703391,
        "BATTERY001_32": 72.11322944,
        "BATTERY001_33": 60.33471321,
        "BATTERY001_34": 37.53125613,
        "BATTERY001_35": 55.85559741,
        "BATTERY001_36": 46.99938939,
        "BATTERY001_37": 90.39860561,
        "BATTERY001_38": 30.62854314,
        "BATTERY001_39": 51.46040611,
        "BATTERY001_40": 80.89039506,
        "BATTERY001_41": 66.52036984,
        "BATTERY001_42": 95.95031241,
        "BATTERY001_43": 37.82632566,
        "BATTERY001_44": 58.79592562,
        "BATTERY001_45": 43.64657588,
        "BATTERY001_46": 3.136334092,
        "BATTERY001_47": 94.61539798,
        "BATTERY001_48": 50.21263347,
        "BATTERY001_49": 73.20072519,
        "BATTERY001_50": 69.75976233,
        "BATTERY001_51": 82.96045911,
        "BATTERY001_52": 26.64450179,
        "BATTERY001_53": 41.74297867,
        "BATTERY001_54": 85.64964433,
        "BATTERY001_65": 15.08405456,
        "BATTERY001_66": 92.29119978,
        "BATTERY001_55": 50.37726772,
        "BATTERY001_56": 60.57213766,
        "BATTERY001_57": 76.47359917,
        "BATTERY001_58": 67.20234987,
        "BATTERY001_59": 96.37159679,
        "BATTERY001_60": 73.65378833,
        "BATTERY001_61": 5.793837783,
        "BATTERY001_62": 65.93243677,
        "BATTERY001_63": 33.62362857,
        "BATTERY001_64": 20.74959326,
        "BATTERY001_101": 94.46195716,
        "BATTERY001_102": 39.0753177,
        "BATTERY001_103": 62.21536472,
        "BATTERY001_104": 86.74915789,
        "BATTERY001_105": 12.91112432,
        "BATTERY001_106": 66.77528192,
        "BATTERY001_107": 21.62680827,
        "BATTERY001_108": 74.05031756,
        "BATTERY001_109": 69.87372919,
        "BATTERY001_110": 57.07813715,
        "BATTERY001_111": 99.38028706,
        "BATTERY001_112": 29.39563494,
        "BATTERY001_113": 32.8988619,
        "BATTERY001_114": 36.65509766,
        "BATTERY001_115": 65.64423638,
        "BATTERY001_116": 82.21254343,
        "BATTERY001_117": 32.78394462,
        "BATTERY001_118": 9.266247102,
        "BATTERY001_119": 71.5165165,
        "BATTERY001_120": 34.06364922,
        "BATTERY001_121": 89.83009046,
        "BATTERY001_122": 37.08089855,
        "BATTERY001_123": 51.75205204,
        "BATTERY001_124": 69.26199114,
        "BATTERY001_125": 0.13757454,
        "BATTERY001_126": 99.09287651,
        "BATTERY001_127": 20.87250832,
        "BATTERY001_128": 84.38947983,
        "BATTERY001_129": 85.78051348,
        "BATTERY001_130": 11.43816869,
        "BATTERY001_131": 20.84655832,
        "BATTERY001_132": 65.82008686,
        "BATTERY001_133": 14.97846025,
        "BATTERY001_134": 58.14448159,
        "BATTERY001_135": 73.15629126,
        "BATTERY001_136": 61.22641006,
        "BATTERY001_137": 34.30717835,
        "BATTERY001_138": 92.69584767,
        "BATTERY001_139": 99.41200194,
        "BATTERY001_140": 68.66080189,
        "BATTERY001_141": 97.43519379,
        "BATTERY001_142": 19.35384815,
        "BATTERY001_143": 33.38071391,
        "BATTERY001_144": 14.37684422,
        "BATTERY001_145": 51.28022778,
        "BATTERY001_146": 91.92760263,
        "BATTERY001_147": 94.26773934,
        "BATTERY001_148": 19.16504973,
        "BATTERY001_149": 58.3559645,
        "BATTERY001_150": 65.52343148,
        "BATTERY001_151": 9.993507296,
        "BATTERY001_152": 89.86107278,
        "BATTERY001_153": 42.05708584,
        "BATTERY001_154": 21.12624501,
        "BATTERY001_155": 86.18603548,
        "BATTERY001_156": 13.94202377,
        "BATTERY001_157": 18.98198466,
        "BATTERY001_158": 45.40385755,
        "BATTERY001_159": 54.33720424,
        "BATTERY001_160": 26.02412543,
        "BATTERY001_1001": 72.98247895
      }
    },
    {
      "devType": "4",
      "devName": "BATTERY003",
      "devId": "BATTERY003",
      "sn": "BATTERY003",
      "data": {
        "BATTERY003_0": 1,
        "BATTERY003_1": 1,
        "BATTERY003_2": 10,
        "BATTERY003_3": 21.86230597,
        "BATTERY003_4": 18.98818915,
        "BATTERY003_5": 60.44997428,
        "BATTERY003_6": 4.560558492,
        "BATTERY003_7": 9.980380311,
        "BATTERY003_8": 46.28152227,
        "BATTERY003_9": 75.03665894,
        "BATTERY003_10": 69.91928374,
        "BATTERY003_11": 9.323339325,
        "BATTERY003_12": 31.0793394,
        "BATTERY003_13": 84.9992508,
        "BATTERY003_14": 32.64992333,
        "BATTERY003_15": 96.28740073,
        "BATTERY003_16": 31.07763556,
        "BATTERY003_17": 4.232206809,
        "BATTERY003_18": 60.96503895,
        "BATTERY003_19": 29.66899807,
        "BATTERY003_20": 13.40506566,
        "BATTERY003_21": 46.51385072,
        "BATTERY003_22": 30.60199935,
        "BATTERY003_23": 54.50150556,
        "BATTERY003_24": 33.415069,
        "BATTERY003_25": 80.0670783,
        "BATTERY003_26": 61.19323599,
        "BATTERY003_27": 15.14229576,
        "BATTERY003_28": 49.09581845,
        "BATTERY003_29": 17.12591616,
        "BATTERY003_30": 13.51885018,
        "BATTERY003_31": 95.95703391,
        "BATTERY003_32": 72.11322944,
        "BATTERY003_33": 60.33471321,
        "BATTERY003_34": 37.53125613,
        "BATTERY003_35": 55.85559741,
        "BATTERY003_36": 46.99938939,
        "BATTERY003_37": 90.39860561,
        "BATTERY003_38": 30.62854314,
        "BATTERY003_39": 51.46040611,
        "BATTERY003_40": 80.89039506,
        "BATTERY003_41": 66.52036984,
        "BATTERY003_42": 95.95031241,
        "BATTERY003_43": 37.82632566,
        "BATTERY003_44": 58.79592562,
        "BATTERY003_45": 43.64657588,
        "BATTERY003_46": 3.136334092,
        "BATTERY003_47": 94.61539798,
        "BATTERY003_48": 50.21263347,
        "BATTERY003_49": 73.20072519,
        "BATTERY003_50": 69.75976233,
        "BATTERY003_51": 82.96045911,
        "BATTERY003_52": 26.64450179,
        "BATTERY003_53": 41.74297867,
        "BATTERY003_54": 85.64964433,
        "BATTERY003_65": 15.08405456,
        "BATTERY003_66": 92.29119978,
        "BATTERY003_55": 50.37726772,
        "BATTERY003_56": 60.57213766,
        "BATTERY003_57": 76.47359917,
        "BATTERY003_58": 67.20234987,
        "BATTERY003_59": 96.37159679,
        "BATTERY003_60": 73.65378833,
        "BATTERY003_61": 5.793837783,
        "BATTERY003_62": 65.93243677,
        "BATTERY003_63": 33.62362857,
        "BATTERY003_64": 20.74959326,
        "BATTERY003_101": 94.46195716,
        "BATTERY003_102": 39.0753177,
        "BATTERY003_103": 62.21536472,
        "BATTERY003_104": 86.74915789,
        "BATTERY003_105": 12.91112432,
        "BATTERY003_106": 66.77528192,
        "BATTERY003_107": 21.62680827,